USE master
GO
IF DB_ID('EC') IS NOT NULL
   DROP DATABASE EC
GO

CREATE DATABASE EC
GO

USE EC
GO

SET DATEFORMAT 'YMD'

CREATE TABLE ACCOUNT(
	ID_LOGIN CHAR(5),
	USERNAME CHAR(50) NOT NULL,
	PASS CHAR(20),
	CREATED_DATE DATETIME,
	ROLE NVARCHAR(20),--NHÂN VIÊN,QUẢN TRỊ VIÊN,KHÁCH HÀNG, ĐỐI TÁC

	CONSTRAINT PK_ACCOUNT PRIMARY KEY (ID_LOGIN)
)

CREATE TABLE PARTNERS(
	ID_PARTNERS CHAR(5),
	NAME NVARCHAR(80),
	EMAIL CHAR(50) UNIQUE,
	ADDRESS NVARCHAR(200),
	PHONE CHAR(10) UNIQUE,
	URL CHAR(85),

	CONSTRAINT PK_PARTNERS PRIMARY KEY (ID_PARTNERS)
)

CREATE TABLE CUSTOMERS(
	ID_CUSTOMERS CHAR(5),
	NAME NVARCHAR(80),
	BIRTHDAY DATE,
	ADDRESS NVARCHAR(200),
	EMAIL CHAR(50),
	PHONE CHAR(10) UNIQUE,

	CONSTRAINT PK_CUSTOMERS PRIMARY KEY (ID_CUSTOMERS)
)

CREATE TABLE EMPLOYEES(
	ID_EMP CHAR(5),
	NAME NVARCHAR(80),
	BIRTHDAY DATE,
	EMAIL CHAR(50) UNIQUE,
	PHONE CHAR(10) UNIQUE,
	ADDRESS NVARCHAR(200),
	SALARY FLOAT,
	ALLOWANCE FLOAT,
	ROLE NVARCHAR(20) --N'Bình thường',N'Quản lí',N'Chăm sóc khách hàng'

	CONSTRAINT PK_EMP PRIMARY KEY (ID_EMP)
)

CREATE TABLE ACCUMULATION_POINTS(
	ID_CUSTOMERS CHAR(5),
	ID_TYPEP CHAR(5),
	POINTS INT,

	CONSTRAINT PK_POINTSOFCUS PRIMARY KEY (ID_CUSTOMERS, ID_TYPEP)
)

CREATE TABLE CART(
--GIỏ hàng này đóng vai trò lưu lại các sản phẩm thôi, mua xong sẽ lưu trong history
	ID_CUSTOMERS CHAR(5),
	ID_PRODUCTS INT,--là khóa ngoại
	NAME_PRODUCTS NVARCHAR(80),--tên sản phẩm lưu lại luôn để khỏi truy xuất nhiều
	PRICE INT,
	QUANTITY INT,
	POINT_TYPE NVARCHAR(50),--tên đối tác lưu lại luôn để khỏi truy xuất nhiều

	CONSTRAINT PK_CART PRIMARY KEY (ID_CUSTOMERS, ID_PRODUCTS)
)

CREATE TABLE PRODUCTS(
	ID_PRODUCTS INT,
	NAME NVARCHAR(80) UNIQUE,
	INFOR_PRODUCTS NVARCHAR(200),
	ADD_DATE DATETIME,
	QUANTITY INT,
	PRICE INT,
	--URL VARCHAR(200),

	CONSTRAINT PK_PRODUCTS PRIMARY KEY (ID_PRODUCTS)
)

CREATE TABLE IMAGE_PRODUCT(
	ID_PRODUCTS INT,
	STT INT,
	URL CHAR(85),

	CONSTRAINT PK_IMAGE_PRODUCT PRIMARY KEY(ID_PRODUCTS,STT)
)
CREATE TABLE TYPE_PRODUCTS(
	ID_PRODUCTS INT,
	TYPE_PROD NVARCHAR(50),

	CONSTRAINT PK_TYPEOFPROD PRIMARY KEY (ID_PRODUCTS, TYPE_PROD)
)

CREATE TABLE EXCHANGE_POINT(
	ID_PRODUCTS INT,
	PRICE INT,
	ID_PARTNERS CHAR(5),

	CONSTRAINT PK_EXPOINTS PRIMARY KEY (ID_PRODUCTS, ID_PARTNERS)
)

CREATE TABLE HISTORY(
	ID_TRADE INT,
	ID_CUSTOMERS CHAR(5),
	ID_PRODUCTS INT,
	NAME NVARCHAR(80),

	DATE_TRADE DATETIME,
	TOTAL_POINTS INT,
	QUANTITY INT,
	POINT_TYPE CHAR(5),

	CONSTRAINT PK_TRADE PRIMARY KEY (ID_TRADE)
)

CREATE TABLE CHATBOX(
	ID_CHAT CHAR(10),
	ID_CUSTOMERS CHAR(5),
	CREATED_DATE DATE,
	STATUS NVARCHAR(20),

	CONSTRAINT PK_CHATBOX PRIMARY KEY (ID_CHAT)
)

CREATE TABLE CONTENT_CHATBOX(
	STT INT,
	ID_CHAT CHAR(10),
	MESSAGE_CREATED DATETIME,
	CONTENT NVARCHAR(200),
	RATE NCHAR(3),

	CONSTRAINT PK_CONTENT_CHATBOX PRIMARY KEY (STT, ID_CHAT)
)

CREATE TABLE CONTRACT(
	ID_CONTRACT CHAR(5),
	TAX CHAR(10),
	DEPUTY NVARCHAR(100),
	DATE_CONTRACT DATETIME,
	EFFECTIVE_TIME DATETIME,
	AMOUNTTOPOINTS FLOAT,
	COMMISSION INT,
	CONTRACT_MANAGER CHAR(5),
	CONTRACT_PARTNER CHAR(5),
	STATUS NVARCHAR(10),

	CONSTRAINT PK_CONTRACT PRIMARY KEY (ID_CONTRACT)
)

CREATE TABLE FEEDBACK(
	STT INT,
	ID_PRODUCTS INT,
	ID_CUSTOMERS CHAR(5),
	NAME_CUS NVARCHAR(80),
	FEEDBACK NVARCHAR(100),
	RATE INT,
	CREATED_DATE DATETIME,

	CONSTRAINT PK_FEEDBACK PRIMARY KEY (STT, ID_CUSTOMERS)
)

CREATE TABLE PAY(
	ID_REVENUE INT,
	ID_PARTNER CHAR(5),
	MONTH_REV INT,
	YEAR_REV INT,
	TOTAL_POINTS INT,

	CONSTRAINT PK_PAY PRIMARY KEY (ID_REVENUE)
)

CREATE TABLE DETAIL_PAY(
	STT INT,
	ID_REVENUE INT,
	MONTH_REV INT,
	DAY_REV INT,
	POINTS INT,
	QUANTITY INT,  --?
	TOTAL INT,

	CONSTRAINT PK_DETAIL_PAY PRIMARY KEY (STT,ID_REVENUE)
)

CREATE TABLE PARTNER_PRODUCT(
	ID_PARTNERS CHAR(5),
	ID_PRODUCTS INT,

	CONSTRAINT PK_PARTNER_PRODUCT PRIMARY KEY (ID_PARTNERS,ID_PRODUCTS)
)
--PARTNER_PRODUCT(
ALTER TABLE PARTNER_PRODUCT
ADD CONSTRAINT FK_PARTNER_PRODUCT_PARTNERS
FOREIGN KEY (ID_PARTNERS)
REFERENCES PARTNERS(ID_PARTNERS)

ALTER TABLE PARTNER_PRODUCT
ADD CONSTRAINT FK_PARTNER_PRODUCT_PRODUCTS
FOREIGN KEY (ID_PRODUCTS)
REFERENCES PRODUCTS(ID_PRODUCTS)

--CUSTOMERS(ID_CUSTOMERS) -> ACCOUNT(ID_LOGIN)
ALTER TABLE CUSTOMERS
ADD CONSTRAINT FK_CUSTOMERS
FOREIGN KEY (ID_CUSTOMERS)
REFERENCES ACCOUNT(ID_LOGIN)

--PARTNER(ID_PARTNERS) -> ACCOUNT(ID_LOGIN)
ALTER TABLE PARTNERS
ADD CONSTRAINT FK_PARTNERS
FOREIGN KEY (ID_PARTNERS)
REFERENCES ACCOUNT(ID_LOGIN)

--EMPLOYEES(ID_EMP) -> ACCOUNT(ID_LOGIN)
ALTER TABLE EMPLOYEES
ADD CONSTRAINT FK_EMP
FOREIGN KEY (ID_EMP)
REFERENCES ACCOUNT(ID_LOGIN)

--CONTRACT(CONTRACT_MANAGER) -> EMPLOYEES(ID_EMP)
ALTER TABLE CONTRACT
ADD CONSTRAINT FK_MANAGER
FOREIGN KEY (CONTRACT_MANAGER)
REFERENCES EMPLOYEES(ID_EMP)

--CONTRACT(CONTRACT_PARTNER) -> PARTNERS(ID_PARTNERS)
ALTER TABLE CONTRACT
ADD CONSTRAINT FK_CONTRACT_PARTNER
FOREIGN KEY (CONTRACT_PARTNER)
REFERENCES PARTNERS(ID_PARTNERS)

--PAY(ID_PARTNER) -> PARTNERS(ID_PARTNERS)
ALTER TABLE PAY
ADD CONSTRAINT FK_PAY_PARTNER
FOREIGN KEY (ID_PARTNER)
REFERENCES PARTNERS(ID_PARTNERS)

--DETAIL_PAY(ID_REVENUE) -> PAY(ID_REVENUE)
ALTER TABLE DETAIL_PAY
ADD CONSTRAINT FK_DETAIL_PAY_PAY
FOREIGN KEY (ID_REVENUE)
REFERENCES PAY(ID_REVENUE)

--ACCUMULATION_POINTS(ID_CUSTOMERS) -> CUSTOMERS(ID_CUSTOMERS)
ALTER TABLE ACCUMULATION_POINTS
ADD CONSTRAINT FK_ACCUMULATION_CUS
FOREIGN KEY (ID_CUSTOMERS)
REFERENCES CUSTOMERS(ID_CUSTOMERS)

--ACCUMULATION_POINTS(ID_TYPEP) -> TYPE_POINTS(ID_TYPEP)
ALTER TABLE ACCUMULATION_POINTS
ADD CONSTRAINT FK_ACCUMULATION_TYPE
FOREIGN KEY (ID_TYPEP)
REFERENCES PARTNERS(ID_PARTNERS)

--CART(ID_CUSTOMERS) -> CUSTOMERS(ID_CUSTOMERS)
ALTER TABLE CART
ADD CONSTRAINT FK_CUS_CART
FOREIGN KEY (ID_CUSTOMERS)
REFERENCES CUSTOMERS(ID_CUSTOMERS)

--CART(ID_PRODUCTS) -> PRODUCTS(ID_PRODUCTS)
ALTER TABLE CART
ADD CONSTRAINT FK_PROD_CART
FOREIGN KEY (ID_PRODUCTS)
REFERENCES PRODUCTS(ID_PRODUCTS)

--TYPE_PRODUCTS(ID_PRODUCTS) -> PRODUCTS(ID_PRODUCTS)
ALTER TABLE TYPE_PRODUCTS
ADD CONSTRAINT FK_TYPE_PROD
FOREIGN KEY (ID_PRODUCTS)
REFERENCES PRODUCTS(ID_PRODUCTS)

--EXCHANGE_POINT(ID_PRODUCTS) -> PRODUCTS(ID_PRODUCTS)
ALTER TABLE EXCHANGE_POINT
ADD CONSTRAINT FK_EXC_PROD
FOREIGN KEY (ID_PRODUCTS)
REFERENCES PRODUCTS(ID_PRODUCTS)

--EXCHANGE_POINT(ID_TYPEP) -> TYPE_POINTS(ID_TYPEP)
ALTER TABLE EXCHANGE_POINT
ADD CONSTRAINT FK_EXC_POINTS
FOREIGN KEY (ID_PARTNERS)
REFERENCES PARTNERS(ID_PARTNERS)

--HISTORY(ID_PRODUCTS) -> PRODUCTS(ID_PRODUCTS)
ALTER TABLE HISTORY
ADD CONSTRAINT FK_HIS_PROD
FOREIGN KEY (ID_PRODUCTS)
REFERENCES PRODUCTS(ID_PRODUCTS)

--HISTORY(ID_CUSTOMERS) -> CUSTOMERS(ID_CUSTOMERS)
ALTER TABLE HISTORY
ADD CONSTRAINT FK_HIS_CUS
FOREIGN KEY (ID_CUSTOMERS)
REFERENCES CUSTOMERS(ID_CUSTOMERS)

--HISTORY(POINT_TYPE) -> TYPE_POINTS(ID_TYPEP)
ALTER TABLE HISTORY
ADD CONSTRAINT FK_HIS_PARTNER_PRODUCT
FOREIGN KEY (POINT_TYPE)
REFERENCES PARTNERS(ID_PARTNERS)

--CHATBOX(ID_CUSTOMERS) -> CUSTOMERS(ID_CUSTOMERS)
ALTER TABLE CHATBOX
ADD CONSTRAINT FK_CB_CUS
FOREIGN KEY (ID_CUSTOMERS)
REFERENCES CUSTOMERS(ID_CUSTOMERS)

--CONTENT_CHATBOX(ID_CHAT) -> CHATBOX(ID_CHAT)
ALTER TABLE CONTENT_CHATBOX
ADD CONSTRAINT FK_CB_CONTENT
FOREIGN KEY (ID_CHAT)
REFERENCES CHATBOX(ID_CHAT)

--FEEDBACK(ID_PRODUCTS) -> PRODUCTS(ID_PRODUCTS)
ALTER TABLE FEEDBACK
ADD CONSTRAINT FK_FB_PROD
FOREIGN KEY (ID_PRODUCTS)
REFERENCES PRODUCTS(ID_PRODUCTS)

--FEEDBACK(ID_CUSTOMERS) -> CUSTOMERS(ID_CUSTOMERS)
ALTER TABLE FEEDBACK
ADD CONSTRAINT FK_FB_CUS
FOREIGN KEY (ID_CUSTOMERS)
REFERENCES CUSTOMERS(ID_CUSTOMERS)
--IMAGE_PRODUCT(ID_PRODUCTS) -> PRODUCTS(ID_PRODUCTS)
ALTER TABLE IMAGE_PRODUCT
ADD CONSTRAINT FK_IMAGE_PRODUCT_PROD
FOREIGN KEY (ID_PRODUCTS)
REFERENCES PRODUCTS(ID_PRODUCTS)
--account 
INSERT INTO "ACCOUNT" VALUES ('DT000', 'Reilly7766', 'Cora488', '2022-10-10 13:44:14.550', N'ĐỐI TÁC')
INSERT INTO "ACCOUNT" VALUES ('DT001', 'Thomas', 'Jared201', '2023-01-14 11:20:33.330', N'ĐỐI TÁC')
INSERT INTO "ACCOUNT" VALUES ('DT002', 'Tara', 'Carey4909', '2023-01-21 11:06:26.700', N'ĐỐI TÁC')
INSERT INTO "ACCOUNT" VALUES ('DT003', 'Betsy197', 'YE5UXML3015NI', '2022-10-12 17:47:18.530', N'ĐỐI TÁC')
INSERT INTO "ACCOUNT" VALUES ('DT004', 'Porter82', 'PR25IY3BUE', '2022-09-11 04:21:34.610', N'ĐỐI TÁC')
INSERT INTO "ACCOUNT" VALUES ('DT005', 'Samuel4', 'Leo8998', '2022-12-05 05:21:10.800', N'ĐỐI TÁC')
INSERT INTO "ACCOUNT" VALUES ('DT006', 'Sophia07', 'Pearl4', '2023-01-12 14:59:26.860', N'ĐỐI TÁC')
INSERT INTO "ACCOUNT" VALUES ('DT007', 'Velasquez', 'Gerald027', '2022-12-03 04:15:00.470', N'ĐỐI TÁC')
INSERT INTO "ACCOUNT" VALUES ('DT008', 'Barnes65177', 'Toya3', '2023-03-24 07:41:08.410', N'ĐỐI TÁC')
INSERT INTO "ACCOUNT" VALUES ('DT009', 'Antoine', 'GPA4V06D50ETJ7E5BZX', '2022-10-17 13:50:51.310', N'ĐỐI TÁC')
INSERT INTO "ACCOUNT" VALUES ('DT010', 'Orozco1723', 'DOPMS', '2023-03-22 03:31:05.250', N'ĐỐI TÁC')
INSERT INTO "ACCOUNT" VALUES ('DT011', 'Michael', 'Shon5', '2022-11-14 21:15:04.110', N'ĐỐI TÁC')
INSERT INTO "ACCOUNT" VALUES ('DT012', 'Maggie47', 'C3CNQLC', '2023-02-11 12:25:03.030', N'ĐỐI TÁC')
INSERT INTO "ACCOUNT" VALUES ('DT013', 'Hinton55244', 'Stacy4345', '2022-12-07 17:17:26.630', N'ĐỐI TÁC')
INSERT INTO "ACCOUNT" VALUES ('DT014', 'Cortez3', 'Debbie225', '2022-11-21 04:38:58.600', N'ĐỐI TÁC')
INSERT INTO "ACCOUNT" VALUES ('DT015', 'Tamika19', 'Nellie174', '2022-12-02 08:28:06.240', N'ĐỐI TÁC')
INSERT INTO "ACCOUNT" VALUES ('DT016', 'Jacobs8196', 'Jamie65', '2022-11-18 10:31:24.870', N'ĐỐI TÁC')
INSERT INTO "ACCOUNT" VALUES ('DT017', 'Walters478', 'Tangela', '2022-09-22 11:48:36.220', N'ĐỐI TÁC')
INSERT INTO "ACCOUNT" VALUES ('DT018', 'Kristina053', '7W0CHVBVQAH47', '2023-04-03 00:40:46.460', N'ĐỐI TÁC')

INSERT INTO "ACCOUNT" VALUES ('KH000', 'Gena', 'Cortney5155', '2022-11-08 15:36:05.290', N'KHÁCH HÀNG')
INSERT INTO "ACCOUNT" VALUES ('KH001', 'Sherrie892', 'Myra', '2022-12-05 15:43:54.490', N'KHÁCH HÀNG')
INSERT INTO "ACCOUNT" VALUES ('KH002', 'Harold466', 'Stephan80', '2023-02-03 13:54:00.510', N'KHÁCH HÀNG')
INSERT INTO "ACCOUNT" VALUES ('KH003', 'Mandi1', 'Jada', '2023-03-02 23:05:17.920', N'KHÁCH HÀNG')
INSERT INTO "ACCOUNT" VALUES ('KH004', 'Roach452', 'Jackie35', '2022-11-01 09:23:39.030', N'KHÁCH HÀNG')
INSERT INTO "ACCOUNT" VALUES ('KH005', 'Mullins44316', 'GDPMAAB95TGK', '2022-11-24 21:17:03.180', N'KHÁCH HÀNG')
INSERT INTO "ACCOUNT" VALUES ('KH006', 'Esmeralda4', 'QVP', '2022-11-22 06:58:39.150', N'KHÁCH HÀNG')
INSERT INTO "ACCOUNT" VALUES ('KH007', 'Mckay4', 'Clifton7097', '2022-09-11 10:07:57.320', N'KHÁCH HÀNG')
INSERT INTO "ACCOUNT" VALUES ('KH008', 'Vernon', 'E38RLIJJSW8Q5S0', '2023-01-11 17:10:39.890', N'KHÁCH HÀNG')
INSERT INTO "ACCOUNT" VALUES ('KH009', 'Ronnie3', 'Stacie3', '2022-12-03 02:36:19.980', N'KHÁCH HÀNG')
INSERT INTO "ACCOUNT" VALUES ('KH010', 'Gay9', '564H7MSKIRF8IEYEU2', '2022-09-06 03:42:17.470', N'KHÁCH HÀNG')
INSERT INTO "ACCOUNT" VALUES ('KH011', 'Margaret6', 'Reginald', '2023-04-20 14:15:24.910', N'KHÁCH HÀNG')
INSERT INTO "ACCOUNT" VALUES ('KH012', 'Flynn63302', 'Lucy82', '2023-01-22 19:47:39.180', N'KHÁCH HÀNG')
INSERT INTO "ACCOUNT" VALUES ('KH013', 'Michele', 'U2', '2022-12-05 10:40:06.220', N'KHÁCH HÀNG')
INSERT INTO "ACCOUNT" VALUES ('KH014', 'Ramirez8', '3V6I1M7YUZ8WZ105Z', '2022-12-09 15:05:43.310', N'KHÁCH HÀNG')
INSERT INTO "ACCOUNT" VALUES ('KH015', 'Kathleen5', 'Carlton6426', '2023-03-02 19:40:47.340', N'KHÁCH HÀNG')
INSERT INTO "ACCOUNT" VALUES ('KH016', 'Gardner', 'Patricia3272', '2022-09-04 22:24:00.220', N'KHÁCH HÀNG')
INSERT INTO "ACCOUNT" VALUES ('KH017', 'ONeill694', 'Angelia9', '2022-10-02 15:31:07.440', N'KHÁCH HÀNG')
INSERT INTO "ACCOUNT" VALUES ('KH018', 'Mc Mahon14543', 'Fernando30', '2022-11-22 02:34:15.070', N'KHÁCH HÀNG')
INSERT INTO "ACCOUNT" VALUES ('KH019', 'Howell017', 'Toni4', '2022-09-27 10:34:02.650', N'KHÁCH HÀNG')
INSERT INTO "ACCOUNT" VALUES ('KH020', 'Avery96252', 'U3C15GSQ9U38VO', '2023-01-30 18:57:18.270', N'KHÁCH HÀNG')
INSERT INTO "ACCOUNT" VALUES ('KH021', 'Devon6', 'Arthur', '2022-11-14 00:57:06.170', N'KHÁCH HÀNG')
INSERT INTO "ACCOUNT" VALUES ('KH022', 'Mickey56', 'T9URQZQIH3YHFYGVC3RE', '2022-12-11 03:43:29.500', N'KHÁCH HÀNG')

INSERT INTO "ACCOUNT" VALUES ('NV001', 'Doyle622', 'Deena', '2023-02-23 19:54:19.620', N'NHÂN VIÊN')
INSERT INTO "ACCOUNT" VALUES ('NV002', 'Marlene67', 'Shamika066', '2023-03-17 06:07:56.520', N'NHÂN VIÊN')
INSERT INTO "ACCOUNT" VALUES ('NV003', 'Malcolm', 'Deborah097', '2022-12-03 14:37:02.950', N'NHÂN VIÊN')
INSERT INTO "ACCOUNT" VALUES ('NV004', 'Harvey57', 'WUS1FD0QE', '2023-04-05 07:42:32.670', N'NHÂN VIÊN')
INSERT INTO "ACCOUNT" VALUES ('NV005', 'Judith', 'Jodi93', '2023-02-04 15:00:36.430', N'NHÂN VIÊN')

INSERT INTO "ACCOUNT" VALUES ('QT000', 'Marsh501', 'Kimberlee', '2022-11-02 13:39:34.780', N'QUẢN TRỊ VIÊN')
INSERT INTO "ACCOUNT" VALUES ('QT001', 'Enrique', 'Ellen2', '2022-12-04 10:37:21.840', N'QUẢN TRỊ VIÊN')
INSERT INTO "ACCOUNT" VALUES ('QT002', 'Danielle05', 'O7GM6NAQML99RTF', '2023-01-05 20:57:01.130', N'QUẢN TRỊ VIÊN')

--product 
INSERT INTO "PRODUCTS" VALUES (1, N'Nước hoa hồng cocoon (rose water toner)', NULL, '2023-01-14 22:29:30.130', 134389, 792240)
INSERT INTO "PRODUCTS" VALUES (2, N'Gấu bông', NULL, '2022-12-24 13:29:42.630', 450484, 198412)
INSERT INTO "PRODUCTS" VALUES (3, N'Albert Camus - Người dưng (1942)', NULL, '2022-11-10 08:38:36.190', 9759, 719904)
INSERT INTO "PRODUCTS" VALUES (4, N'Gương soi để bàn gấp gọn mini', NULL, '2023-01-05 00:18:58.880', 447674, 113245)
INSERT INTO "PRODUCTS" VALUES (5, N'Đồ bấm lỗ, dây cột', NULL, '2022-11-19 17:51:03.310', 416471, 288002)
INSERT INTO "PRODUCTS" VALUES (6, N'Sổ danh thiếp loại 1', NULL, '2022-10-30 15:17:06.800', 62397, 998692)
INSERT INTO "PRODUCTS" VALUES (7, N'Sổ danh thiếp loại 2', NULL, '2022-11-22 18:21:45.160', 424566, 300699)
INSERT INTO "PRODUCTS" VALUES (8, N'Mascara Missha The Style 4D', NULL, '2023-01-26 05:27:25.730', 160675, 823912)
INSERT INTO "PRODUCTS" VALUES (9, N'Gel rửa mặt giảm nhờn Decumar Advanced', NULL, '2022-12-29 03:09:30.670', 380469, 885229)
INSERT INTO "PRODUCTS" VALUES (10, N'Voucher giảm 30% Heniken', NULL, '2022-11-22 02:38:15.400', 382786, 138648)
INSERT INTO "PRODUCTS" VALUES (11, N'Dây nhảy không dây đếm số FITEZY', NULL, '2023-01-05 04:23:38.600', 209872, 160685)
INSERT INTO "PRODUCTS" VALUES (12, N'Gấu bông mini', NULL, '2022-12-20 20:00:35.420', 182028, 149041)
INSERT INTO "PRODUCTS" VALUES (13, N'1 lon Mountain Dew', NULL, '2023-02-14 06:20:56.260', 315366, 321587)
INSERT INTO "PRODUCTS" VALUES (14, N'Tẩy tế bào chết body 4 mùi', NULL, '2022-10-15 06:53:06.470', 335736, 195765)
INSERT INTO "PRODUCTS" VALUES (15, N'Khăn Mặt Khô Đa Năng dùng 1 lần Animerry', NULL, '2022-12-31 02:07:13.490', 174951, 54618)
INSERT INTO "PRODUCTS" VALUES (16, N'Bột khử mùi Wings Up-Cỏ Mềm', NULL, '2022-12-14 21:56:18.160', 84713, 794969)
INSERT INTO "PRODUCTS" VALUES (17, N'TÚI XÁCH VÂN DA CÁ SẤU KHÓA XOAY OVAL - SAT 0298 - MÀU ĐEN', NULL, '2023-01-29 04:04:28.380', 129565, 681086)
INSERT INTO "PRODUCTS" VALUES (18, N'E.L.F studio eyebrow kit', NULL, '2022-09-28 22:21:06.630', 332506, 288582)
INSERT INTO "PRODUCTS" VALUES (19, N'Sổ danh thiếp loại 3', NULL, '2022-12-17 04:00:37.280', 293301, 615599)
INSERT INTO "PRODUCTS" VALUES (20, N'Túi gấp gọn bảo vệ môi trường TokyoLife H1/I2BAG510H', NULL, '2023-02-14 06:04:04.020', 165206, 719022)
INSERT INTO "PRODUCTS" VALUES (21, N'Samsung Galaxy Watch', NULL, '2022-10-08 11:25:21.090', 119932, 375864)
INSERT INTO "PRODUCTS" VALUES (22, N'2 Kẹp giấy', NULL, '2023-02-16 04:24:04.400', 100540, 449178)
INSERT INTO "PRODUCTS" VALUES (23, N'1 cây bút Thiên Long', NULL, '2022-11-25 01:04:43.300', 292443, 755117)
INSERT INTO "PRODUCTS" VALUES (24, N'Kem chống nắng Hây Hây-Cỏ Mềm', NULL, '2022-09-27 03:19:58.390', 191361, 733401)
INSERT INTO "PRODUCTS" VALUES (25, N'Bao rác bảo vệ môi trường ', NULL, '2022-11-16 16:54:36.340', 229865, 559941)
INSERT INTO "PRODUCTS" VALUES (26, N'1 hộp Kẹp giấy mini', NULL, '2023-01-15 00:26:45.410', 195031, 38073)
INSERT INTO "PRODUCTS" VALUES (27, N'No sebum mineral powder', NULL, '2022-12-08 11:40:10.390', 181464, 226574)
INSERT INTO "PRODUCTS" VALUES (28, N'Bấm kim, bấm lỗ, đồ gỡ kim', NULL, '2023-01-11 14:30:36.250', 172160, 964102)
INSERT INTO "PRODUCTS" VALUES (29, N'Dụng cụ vệ sinh văn phòng', NULL, '2022-09-23 02:08:30.370', 141646, 561702)
INSERT INTO "PRODUCTS" VALUES (30, N'Cặp double box', NULL, '2023-01-26 08:34:31.370', 312933, 434065)

--type_product
INSERT INTO "TYPE_PRODUCTS" VALUES (1, N'Mĩ phẩm')
INSERT INTO "TYPE_PRODUCTS" VALUES (2, N'Gấu bông')
INSERT INTO "TYPE_PRODUCTS" VALUES (3, N'Văn phòng phẩm')
INSERT INTO "TYPE_PRODUCTS" VALUES (3, N'Sách')
INSERT INTO "TYPE_PRODUCTS" VALUES (4, N'Làm đẹp')
INSERT INTO "TYPE_PRODUCTS" VALUES (4, N'Gương')
INSERT INTO "TYPE_PRODUCTS" VALUES (5, N'Văn phòng phẩm')
INSERT INTO "TYPE_PRODUCTS" VALUES (6, N'Văn phòng phẩm')
INSERT INTO "TYPE_PRODUCTS" VALUES (7, N'Văn phòng phẩm')
INSERT INTO "TYPE_PRODUCTS" VALUES (8, N'Mĩ phẩm')
INSERT INTO "TYPE_PRODUCTS" VALUES (9, N'Mĩ phẩm')
INSERT INTO "TYPE_PRODUCTS" VALUES (10, N'Voucher')
INSERT INTO "TYPE_PRODUCTS" VALUES (11, N'Thể dục thể thao')
INSERT INTO "TYPE_PRODUCTS" VALUES (12, N'Gấu bông')
INSERT INTO "TYPE_PRODUCTS" VALUES (13, N'Giải khát')
INSERT INTO "TYPE_PRODUCTS" VALUES (14, N'Mĩ phẩm')
INSERT INTO "TYPE_PRODUCTS" VALUES (15, N'Đồ dùng cá nhân')
INSERT INTO "TYPE_PRODUCTS" VALUES (16, N'Mĩ phẩm')
INSERT INTO "TYPE_PRODUCTS" VALUES (17, N'Phụ kiện')
INSERT INTO "TYPE_PRODUCTS" VALUES (18, N'Mĩ phẩm')
INSERT INTO "TYPE_PRODUCTS" VALUES (19, N'Văn phòng phẩm')
INSERT INTO "TYPE_PRODUCTS" VALUES (20, N'Túi')
INSERT INTO "TYPE_PRODUCTS" VALUES (20, N'Sản phẩm bảo vệ môi trường')
INSERT INTO "TYPE_PRODUCTS" VALUES (21, N'Điện tử')
INSERT INTO "TYPE_PRODUCTS" VALUES (22, N'Văn phòng phẩm')
INSERT INTO "TYPE_PRODUCTS" VALUES (23, N'Văn phòng phẩm')
INSERT INTO "TYPE_PRODUCTS" VALUES (24, N'Mĩ phẩm')
INSERT INTO "TYPE_PRODUCTS" VALUES (24, N'Chăm sóc da')
INSERT INTO "TYPE_PRODUCTS" VALUES (25, N'Sản phẩm bảo vệ môi trường')
INSERT INTO "TYPE_PRODUCTS" VALUES (25, N'Túi')
INSERT INTO "TYPE_PRODUCTS" VALUES (26, N'Văn phòng phẩm')
INSERT INTO "TYPE_PRODUCTS" VALUES (27, N'Mĩ phẩm')
INSERT INTO "TYPE_PRODUCTS" VALUES (28, N'Văn phòng phẩm')
INSERT INTO "TYPE_PRODUCTS" VALUES (29, N'Văn phòng phẩm')
INSERT INTO "TYPE_PRODUCTS" VALUES (30, N'Văn phòng phẩm')
INSERT INTO "TYPE_PRODUCTS" VALUES (30, N'Balo')
--partners 
INSERT INTO "PARTNERS" VALUES ('DT000',N'Bách hóa xanh','ChoBaoqvd75@gmail.com',N'003 Phố Chợ, phường Tân Thới Nhất, quận 12, thành phố Hồ Chí Minh','0433963120','https://drive.google.com/file/d/1ZjzuuUnqo1UFrLdUWgQ1x4IYAqspg6-p/view?usp=sharing'),
('DT001',N'Nguyễn Kim','MyNhijte38@gmail.com',N'144 Vườn Lài, phường 5, quận 5, thành phố Hồ Chí Minh','0431750581','https://drive.google.com/file/d/1lKC6C796oHhJREx3QsYNSdA9s_A4ivwl/view?usp=sharing'),
('DT002',N'Co.opmart','NhuNgocbz245@gmail.com',N'028 Đường số 1, phường Tân Kiểng, quận 7, thành phố Hồ Chí Minh','0714646597','https://drive.google.com/file/d/1V2L04hi9sR1-5G_f5MSZmKu6xFZZaSGO/view?usp=sharing'),
('DT003',N'ECo -Mart','HuuBonhbhw43@gmail.com',N'580 Đường C1, phường 4, quận 11, thành phố Hồ Chí Minh','0650213203','https://drive.google.com/file/d/151S_bAJnBHbUsyBYWF_uly37SjRN1Lrh/view?usp=sharing'),
('DT004',N'ToCoToCo','VonTionvhd17@gmail.com',N'545 Đỗ Thị Tâm, phường 10, quận 6, thành phố Hồ Chí Minh','0206311885','https://drive.google.com/file/d/1JUUiS0AKzoEleEavZMR1CCe4_fYy1Rjo/view?usp=sharing'),
('DT005',N'Emart','DuyKhiomkxq55@gmail.com',N'408 Đường CN1, phường Bình Trị Đông B, quận Bình Tân, thành phố Hồ Chí Minh','0433652087','https://drive.google.com/file/d/1-YsAMdc8Va9BI1RN-6Iv_85IAig9d1oD/view?usp=sharing'),
('DT006',N'60S','ManhHunggsy76@gmail.com',N'796 Nguyễn Sơn, xã Trung An, huyện Củ Chi, thành phố Hồ Chí Minh','0651611580','https://drive.google.com/file/d/1bMhLPo0VNfw7CgG1TmEQ_3tfEXYSb_7T/view?usp=sharing'),
('DT007',N'Family Mart','XuonKionle660@gmail.com',N'373 Phạm Ngọc, phường 7, quận 3, thành phố Hồ Chí Minh','0717113065','https://drive.google.com/file/d/1i6nM5DrPczCM2-hpGAcSegx4TluF3ruy/view?usp=sharing'),
('DT008',N'AEON','QuynhTionitr72@gmail.com',N'179 Đường DC3, phường Bình Trị Đông B, quận Bình Tân, thành phố Hồ Chí Minh','0718652795','https://drive.google.com/file/d/1zrBmJ3OesChp9is-6oNpSfyBeTnso6YM/view?usp=sharing'),
('DT009',N'Lotte','TyQuynhdus85@gmail.com',N'060 Đường T5, phường 9, quận 3, thành phố Hồ Chí Minh','0435738964','https://drive.google.com/file/d/1rMyG2Y3uic8R6FJcV-qkSxDTtOhEtL-f/view?usp=sharing'),
('DT010',N'Vinmart','ThanhNgocqlx71@gmail.com',N'942 Thẩm Mỹ, phường Bến Thành, quận 1, thành phố Hồ Chí Minh','0714048267','https://drive.google.com/file/d/11X-2MyjjqkjkilLhzpWcOu1LICDOsZux/view?usp=sharing'),
('DT011',N'RiO Mart','BochChouesh51@gmail.com',N'555 Trần Đình Trọng, phường Bến Nghé, quận 1, thành phố Hồ Chí Minh','0655851247','https://drive.google.com/file/d/1B1zz9KX_Q5V2n9Mq9QKIEUidgamSsBgR/view?usp=sharing'),
('DT012',N'Big C','ThoiYondmi90@gmail.com',N'446 Phạm Ngọc, xã Hiệp Phước, huyện Nhà Bè, thành phố Hồ Chí Minh','0433321485','https://drive.google.com/file/d/1Hc20Ann8S5JYsoTQyY3aRyjKgx1iwaOv/view?usp=sharing'),
('DT013',N'MiniStop','AnBonhfz808@gmail.com',N'794 Gò Dầu, phường 7, quận 6, thành phố Hồ Chí Minh','0433685289','https://drive.google.com/file/d/16-eQW9dsC02eJ11omosTjUShth7yCAdS/view?usp=sharing'),
('DT014',N'Phúc Long','NgocDungnfk53@gmail.com',N'573 Lý Tuệ, phường 12, quận 3, thành phố Hồ Chí Minh','0206164421','https://drive.google.com/file/d/1KqnqS03fzsY_N0bQD-W-oQqAMo_mxroX/view?usp=sharing'),
('DT015',N'Mobifone','ThucKhuoqgt60@gmail.com',N'629 Hồ Ngọc Cẩn, xã Tân Quý Tây, huyện Bình Chánh, thành phố Hồ Chí Minh','0208586430','https://drive.google.com/file/d/1ibDJnv938UHAQ5g7skUQY7wOsnyoNTl1/view?usp=sharing'),
('DT016',N'T-Mart','KimXuyenlom50@gmail.com',N'929 Độc Lập, phường 8, quận 8, thành phố Hồ Chí Minh','0207348208','https://drive.google.com/file/d/1J4HiK2lLv0kTa9bFH-uPwYMp4Tu_h_Cb/view?usp=sharing'),
('DT017',N'Metro','KimKhonhld506@gmail.com',N'311 Đỗ Công Tường, phường 10, quận 8, thành phố Hồ Chí Minh','0434589739','https://drive.google.com/file/d/1is4L3hnAy4s_K8oEV_BjBIrpc3SZEBZ-/view?usp=sharing'),
('DT018',N'Mi Mart','QuangDuongssa59@gmail.com',N'865 Đường C6, phường Bình Trưng Tây, quận 2, thành phố Hồ Chí Minh','0717587827','https://drive.google.com/file/d/1LpFYm3uHJCjk5xLZPA-1RH5P8kvI7EaF/view?usp=sharing')

--partner_product 
INSERT INTO "PARTNER_PRODUCT" VALUES ('DT001', 4)
INSERT INTO "PARTNER_PRODUCT" VALUES ('DT001', 2)
INSERT INTO "PARTNER_PRODUCT" VALUES ('DT001', 1)
INSERT INTO "PARTNER_PRODUCT" VALUES ('DT001', 3)
INSERT INTO "PARTNER_PRODUCT" VALUES ('DT001', 5)
INSERT INTO "PARTNER_PRODUCT" VALUES ('DT001', 6)
INSERT INTO "PARTNER_PRODUCT" VALUES ('DT014', 1)
INSERT INTO "PARTNER_PRODUCT" VALUES ('DT014', 6)
INSERT INTO "PARTNER_PRODUCT" VALUES ('DT014', 8)
INSERT INTO "PARTNER_PRODUCT" VALUES ('DT014', 10)
INSERT INTO "PARTNER_PRODUCT" VALUES ('DT014', 15)
INSERT INTO "PARTNER_PRODUCT" VALUES ('DT014', 20)
INSERT INTO "PARTNER_PRODUCT" VALUES ('DT014', 25)
INSERT INTO "PARTNER_PRODUCT" VALUES ('DT014', 3)
INSERT INTO "PARTNER_PRODUCT" VALUES ('DT014', 5)
INSERT INTO "PARTNER_PRODUCT" VALUES ('DT007', 1)
INSERT INTO "PARTNER_PRODUCT" VALUES ('DT007', 10)
INSERT INTO "PARTNER_PRODUCT" VALUES ('DT007', 11)
INSERT INTO "PARTNER_PRODUCT" VALUES ('DT007', 12)
INSERT INTO "PARTNER_PRODUCT" VALUES ('DT007', 13)
INSERT INTO "PARTNER_PRODUCT" VALUES ('DT007', 14)
INSERT INTO "PARTNER_PRODUCT" VALUES ('DT007', 15)
INSERT INTO "PARTNER_PRODUCT" VALUES ('DT007', 16)
INSERT INTO "PARTNER_PRODUCT" VALUES ('DT007', 17)
INSERT INTO "PARTNER_PRODUCT" VALUES ('DT007', 18)
INSERT INTO "PARTNER_PRODUCT" VALUES ('DT007', 19)
INSERT INTO "PARTNER_PRODUCT" VALUES ('DT007', 20)
INSERT INTO "PARTNER_PRODUCT" VALUES ('DT007', 21)
INSERT INTO "PARTNER_PRODUCT" VALUES ('DT007', 22)
INSERT INTO "PARTNER_PRODUCT" VALUES ('DT007', 23)
INSERT INTO "PARTNER_PRODUCT" VALUES ('DT012', 24)
INSERT INTO "PARTNER_PRODUCT" VALUES ('DT012', 25)
INSERT INTO "PARTNER_PRODUCT" VALUES ('DT012', 26)
INSERT INTO "PARTNER_PRODUCT" VALUES ('DT012', 27)
INSERT INTO "PARTNER_PRODUCT" VALUES ('DT012', 28)
INSERT INTO "PARTNER_PRODUCT" VALUES ('DT012', 29)
INSERT INTO "PARTNER_PRODUCT" VALUES ('DT012', 30)
INSERT INTO "PARTNER_PRODUCT" VALUES ('DT012', 5)
INSERT INTO "PARTNER_PRODUCT" VALUES ('DT012', 6)
INSERT INTO "PARTNER_PRODUCT" VALUES ('DT013', 7)
INSERT INTO "PARTNER_PRODUCT" VALUES ('DT013', 8)
INSERT INTO "PARTNER_PRODUCT" VALUES ('DT013', 9)
INSERT INTO "PARTNER_PRODUCT" VALUES ('DT013', 10)
INSERT INTO "PARTNER_PRODUCT" VALUES ('DT013', 11)
INSERT INTO "PARTNER_PRODUCT" VALUES ('DT013', 12)
INSERT INTO "PARTNER_PRODUCT" VALUES ('DT013', 13)
INSERT INTO "PARTNER_PRODUCT" VALUES ('DT013', 14)
INSERT INTO "PARTNER_PRODUCT" VALUES ('DT013', 15)
INSERT INTO "PARTNER_PRODUCT" VALUES ('DT013', 16)
INSERT INTO "PARTNER_PRODUCT" VALUES ('DT013', 17) 
--exchange_point 
INSERT INTO "EXCHANGE_POINT" VALUES (1, 1019, 'DT001')
INSERT INTO "EXCHANGE_POINT" VALUES (2, 1612, 'DT001')
INSERT INTO "EXCHANGE_POINT" VALUES (3, 1042, 'DT001')
INSERT INTO "EXCHANGE_POINT" VALUES (4, 438, 'DT001')
INSERT INTO "EXCHANGE_POINT" VALUES (5, 669, 'DT001')
INSERT INTO "EXCHANGE_POINT" VALUES (6, 678, 'DT001')
INSERT INTO "EXCHANGE_POINT" VALUES (7, 1634, 'DT018')
INSERT INTO "EXCHANGE_POINT" VALUES (8, 1319, 'DT012')
INSERT INTO "EXCHANGE_POINT" VALUES (9, 1232, 'DT013')
INSERT INTO "EXCHANGE_POINT" VALUES (10, 1061, 'DT007')
INSERT INTO "EXCHANGE_POINT" VALUES (11, 1026, 'DT007')
INSERT INTO "EXCHANGE_POINT" VALUES (12, 1105, 'DT007')
INSERT INTO "EXCHANGE_POINT" VALUES (13, 1253, 'DT007')
INSERT INTO "EXCHANGE_POINT" VALUES (14, 466, 'DT007')
INSERT INTO "EXCHANGE_POINT" VALUES (15, 1083, 'DT007')
INSERT INTO "EXCHANGE_POINT" VALUES (16, 1203, 'DT007')
INSERT INTO "EXCHANGE_POINT" VALUES (17, 1423, 'DT007')
INSERT INTO "EXCHANGE_POINT" VALUES (18, 223, 'DT007')
INSERT INTO "EXCHANGE_POINT" VALUES (19, 889, 'DT007')
INSERT INTO "EXCHANGE_POINT" VALUES (20, 931, 'DT007')
INSERT INTO "EXCHANGE_POINT" VALUES (21, 557, 'DT007')
INSERT INTO "EXCHANGE_POINT" VALUES (22, 962, 'DT007')
INSERT INTO "EXCHANGE_POINT" VALUES (23, 31, 'DT007')
INSERT INTO "EXCHANGE_POINT" VALUES (24, 749, 'DT012')
INSERT INTO "EXCHANGE_POINT" VALUES (25, 1528, 'DT012')
--employees 
INSERT INTO "EMPLOYEES" VALUES ('NV001', N'Tạ Huy Hoàng', '1982-06-30', 'NgocVon4390ap@gmail.com', '0324454194', N'798 Tôn Thất Thiệp, phường 4, quận 6, thành phố Hồ Chí Minh', 86205, 399, N'Chăm sóc khách hàng')
INSERT INTO "EMPLOYEES" VALUES ('NV002', N'Mã Văn Khánh Hoàn', '1980-10-09', 'TrycMai5081op@gmail.com', '0326176271', N'781 Lý Thái Tổ, phường 12, quận 6, thành phố Hồ Chí Minh', 60469, 498, N'Quản lí')
INSERT INTO "EMPLOYEES" VALUES ('NV003', N'Sử Huỳnh An Nhiên', '1988-03-06', 'HoaiPhuong7077mv@gmail.com', '0451018361', N'901 Nguyễn Thượng Hiền, phường 3, quận Bình Thạnh, thành phố Hồ Chí Minh', 86056, 113, N'Quản lí')
INSERT INTO "EMPLOYEES" VALUES ('NV004', N'Cố Tâm Nguyệt', '1991-04-26', 'NgocLom5823kc@gmail.com', '0328251756', N'751 Hoàng Minh Giám, phường 10, quận 8, thành phố Hồ Chí Minh', 87705, 354, N'Quản lí')
INSERT INTO "EMPLOYEES" VALUES ('NV005', N'Cao Thành Ân', '1987-05-09', 'PhuongQuynh5467dx@gmail.com', '0780063995', N'257 Cô Bắc, phường 2, quận 8, thành phố Hồ Chí Minh', 85282, 238, N'Bình thường')

--customers
INSERT INTO "CUSTOMERS" VALUES ('KH000', N'Trần Ánh Xuân', '1991-12-27', N'Hẻm 178 Tân Phước, xã Tân Thông Hội, huyện Củ Chi, thành phố Hồ Chí Minh', 'Tun@gmail.com', '0385949345')
INSERT INTO "CUSTOMERS" VALUES ('KH001', N'Trần Mai Loan', '2001-10-13', N'Hẻm 55/25 Nguyễn Văn Công, phường 6, quận 4, thành phố Hồ Chí Minh', 'Giang8246@gmail.com', '0776390217')
INSERT INTO "CUSTOMERS" VALUES ('KH002', N'Trần Thanh Mai', '2005-11-18', N'1 Đường C7,  phường Tân Thuận Đông, quận 7, thành phố Hồ Chí Minh', 'Co@gmail.com', '0128179028')
INSERT INTO "CUSTOMERS" VALUES ('KH003', N'Huỳnh Thành Ân', '1995-06-03', N'1 Trịnh Lỗi,  phường 3, quận Tân Bình, thành phố Hồ Chí Minh', 'Ha6713@gmail.com', '0127137879')
INSERT INTO "CUSTOMERS" VALUES ('KH004', N'Mạch Đào Tuấn Hùng', '2001-10-14', N'Hẻm 319/14 Bình Quới, phường Tân Phong, quận 7, thành phố Hồ Chí Minh', 'Giang4044@gmail.com', '0772430066')
INSERT INTO "CUSTOMERS" VALUES ('KH005', N'Trần Thành Châu', '1984-12-26', N'Hẻm 320 Phan Huy Ích, phường 6, quận 3, thành phố Hồ Chí Minh', 'Mo3487@gmail.com', '0341030987')
INSERT INTO "CUSTOMERS" VALUES ('KH006', N'Huỳnh Tuyết Oanh', '1994-12-07', N'Hẻm 687 Tân Sơn, phường 16, quận 8, thành phố Hồ Chí Minh', 'Cao@gmail.com', '0932710188')
INSERT INTO "CUSTOMERS" VALUES ('KH007', N'Đường Huỳnh Thái Duy', '1980-03-30', N'0 Trịnh Lỗi,  phường 11, quận 10, thành phố Hồ Chí Minh', 'Tao2427@gmail.com', '0388575344')
INSERT INTO "CUSTOMERS" VALUES ('KH008', N'Đàm Văn Thái Hòa', '1981-06-12', N'1 Đường T1,  phường 1, quận Tân Bình, thành phố Hồ Chí Minh', 'Luc@gmail.com', '0348136830')
INSERT INTO "CUSTOMERS" VALUES ('KH009', N'Trần Thái Bình', '2005-02-07', N'0 Nguyễn Quang Diệu,  phường Tân Thuận Tây, quận 7, thành phố Hồ Chí Minh', 'Dich4243@gmail.com', '0777578327')
INSERT INTO "CUSTOMERS" VALUES ('KH010', N'Huỳnh Trà My', '1977-10-10', N'1 Nguyễn Văn Tố,  phường Bình Trị Đông B, quận Bình Tân, thành phố Hồ Chí Minh', 'Mo4450@gmail.com', '0346498514')
INSERT INTO "CUSTOMERS" VALUES ('KH011', N'Lê Đan Linh', '1988-07-12', N'Hẻm 249 Phan Huy Ích, xã Bà Điểm, huyện Hóc Môn, thành phố Hồ Chí Minh', 'Liou0137@gmail.com', '0343727047')
INSERT INTO "CUSTOMERS" VALUES ('KH012', N'Lê Trân Châu', '2002-05-28', N'Hẻm 54 Yên Đổ, phường Tân Kiểng, quận 7, thành phố Hồ Chí Minh', 'Do2356@gmail.com', '0777337277')
INSERT INTO "CUSTOMERS" VALUES ('KH013', N'Thẩm Nguyễn Hoàn Vi', '1998-10-20', N'Hẻm 278 Tô Hiến Thành, phường Phú Thuận, quận 7, thành phố Hồ Chí Minh', 'Tiou4501@gmail.com', '0346037599')
INSERT INTO "CUSTOMERS" VALUES ('KH014', N'Trần Mỹ Phụng', '1979-08-12', N'Hẻm 150 Trần Tuấn Khải, phường Hòa Thạnh, quận Tân Phú, thành phố Hồ Chí Minh', 'Tan3845@gmail.com', '0340811021')
INSERT INTO "CUSTOMERS" VALUES ('KH015', N'Phùng Kim Gia Bạch', '1980-04-11', N'Hẻm 441/53 Điện Biên Phủ, phường 3, quận Tân Bình, thành phố Hồ Chí Minh', 'Duan1812@gmail.com', '0388767540')
INSERT INTO "CUSTOMERS" VALUES ('KH016', N'Lê Hồng Ðăng', '2003-06-17', N'0 Trịnh Lỗi,  phường Phú Thuận, quận 7, thành phố Hồ Chí Minh', 'Duan6045@gmail.com', '0122674837')
INSERT INTO "CUSTOMERS" VALUES ('KH017', N'Trần Thế Dũng', '1980-01-08', N'Hẻm 52 Nhật Tảo, phường Sơn Kỳ, quận Tân Phú, thành phố Hồ Chí Minh', 'Dinh7211@gmail.com', '0938311411')
INSERT INTO "CUSTOMERS" VALUES ('KH018', N'Lê Phú Hiệp', '1977-10-29', N'Hẻm 482/10/36 Nơ Trang Long, phường 5, quận 4, thành phố Hồ Chí Minh', 'Khou4956@gmail.com', '0346996847')
INSERT INTO "CUSTOMERS" VALUES ('KH019', N'Bạch  Ðức Ân', '1998-03-04', N'Hem 95, phường 25, quận Bình Thạnh, thành phố Hồ Chí Minh', 'Mao3979@gmail.com', '0387712381')
INSERT INTO "CUSTOMERS" VALUES ('KH020', N'Nguyễn Phan Duy Bảo', '1987-06-28', N'Hẻm 766/83 Cách Mạng Tháng 8, xã Nhị Bình, huyện Hóc Môn, thành phố Hồ Chí Minh', 'Tang@gmail.com', '0936928132')
INSERT INTO "CUSTOMERS" VALUES ('KH021', N'Hồ Huỳnh Thiện Ân', '1992-01-11', N'0 Kênh Tân Hóa,  phường 13, quận Tân Bình, thành phố Hồ Chí Minh', 'Ha@gmail.com', '0774792865')
INSERT INTO "CUSTOMERS" VALUES ('KH022', N'Huỳnh Minh Thúy', '2001-11-14', N'Hẻm 329/5 Nguyễn Tiểu La, phường 2, quận 3, thành phố Hồ Chí Minh', 'Su0724@gmail.com', '0348357237')

--history
INSERT INTO "HISTORY" VALUES (1, 'KH001', 1, N'Nước hoa hồng cocoon (rose water toner)', '2022-12-10 08:28:55.470', 1875, 10, 'DT001')
INSERT INTO "HISTORY" VALUES (2, 'KH001', 2, N'Gấu bông', '2022-09-15 02:39:17.920', 707, 13, 'DT005')
INSERT INTO "HISTORY" VALUES (3, 'KH001', 3, N'Albert Camus - Người dưng (1942)', '2023-04-22 10:58:26.630', 1329, 8, 'DT002')
INSERT INTO "HISTORY" VALUES (4, 'KH001', 4, N'Gương soi để bàn gấp gọn mini', '2023-02-01 05:03:44.600', 1694, 2, 'DT001')
INSERT INTO "HISTORY" VALUES (5, 'KH002', 1, N'Nước hoa hồng cocoon (rose water toner)', '2023-01-11 11:00:07.240', 1998, 10, 'DT002')
INSERT INTO "HISTORY" VALUES (6, 'KH002', 3, N'Albert Camus - Người dưng (1942)', '2023-02-02 17:27:49.780', 1029, 8, 'DT008')
INSERT INTO "HISTORY" VALUES (7, 'KH002', 5, N'Đồ bấm lỗ, dây cột', '2023-01-26 08:27:54.080', 118, 11, 'DT007')
INSERT INTO "HISTORY" VALUES (8, 'KH003', 9, N'Gel rửa mặt giảm nhờn Decumar Advanced', '2022-12-12 03:08:35.600', 1848, 9, 'DT007')
INSERT INTO "HISTORY" VALUES (9, 'KH004', 10, N'Voucher giảm 30% Heniken', '2022-09-05 04:39:09.890', 286, 6, 'DT004')
INSERT INTO "HISTORY" VALUES (10, 'KH005', 15, N'Khăn Mặt Khô Đa Năng dùng 1 lần Animerry', '2022-11-27 09:06:36.670', 1461, 2, 'DT006')
INSERT INTO "HISTORY" VALUES (11, 'KH005', 15, N'Khăn Mặt Khô Đa Năng dùng 1 lần Animerry','2023-01-13 23:01:21.990', 1019, 5, 'DT011')
INSERT INTO "HISTORY" VALUES (12, 'KH005', 16, N'Bột khử mùi Wings Up-Cỏ Mềm', '2023-01-13 23:01:21.990', 680, 3, 'DT008')
INSERT INTO "HISTORY" VALUES (13, 'KH006', 9, N'Gel rửa mặt giảm nhờn Decumar Advanced', '2023-03-21 03:33:10.290', 1040, 5, 'DT001')
INSERT INTO "HISTORY" VALUES (14, 'KH006', 10, N'Voucher giảm 30% Heniken', '2023-02-18 19:47:06.950', 456, 15, 'DT005')
INSERT INTO "HISTORY" VALUES (15, 'KH006', 11, N'Dây nhảy không dây đếm số FITEZY', '2022-11-04 03:53:58.350', 1931, 14, 'DT009')
INSERT INTO "HISTORY" VALUES (16, 'KH007', 17, N'TÚI XÁCH VÂN DA CÁ SẤU KHÓA XOAY OVAL - SAT 0298 - MÀU ĐEN', '2022-10-02 21:38:52.360', 1514, 8, 'DT007')
INSERT INTO "HISTORY" VALUES (17, 'KH007', 19, N'Sổ danh thiếp loại 3', '2022-12-23 08:18:27.430', 1778, 7, 'DT009')
INSERT INTO "HISTORY" VALUES (18, 'KH007', 18, N'E.L.F studio eyebrow kit', '2022-10-06 18:12:54.790', 1537, 8, 'DT009')
INSERT INTO "HISTORY" VALUES (19, 'KH007', 23, N'1 cây bút Thiên Long', '2023-02-18 22:09:30.800', 1468, 16, 'DT012')
INSERT INTO "HISTORY" VALUES (20, 'KH007', 24, N'Kem chống nắng Hây Hây-Cỏ Mềm', '2022-11-22 02:06:45.370', 1454, 3, 'DT008')
INSERT INTO "HISTORY" VALUES (21, 'KH008', 25, N'Bao rác bảo vệ môi trường ', '2022-09-01 12:23:10.000', 274, 6, 'DT009')
INSERT INTO "HISTORY" VALUES (22, 'KH008', 26, N'1 hộp Kẹp giấy mini', '2022-11-13 01:46:56.830', 1097, 16, 'DT006')
INSERT INTO "HISTORY" VALUES (23, 'KH008', 27, N'No sebum mineral powder', '2022-11-22 08:48:15.410', 1021, 14, 'DT017')
INSERT INTO "HISTORY" VALUES (24, 'KH009', 28, N'Bấm kim, bấm lỗ, đồ gỡ kim', '2022-12-21 19:15:28.580', 1624, 4, 'DT007')

--feedback 
INSERT INTO "FEEDBACK" VALUES (1, 1, 'KH001', N'Trần Mai Loan', N'lần sau lại mua tiếp', 5, '2022-09-19 15:45:41.690')
INSERT INTO "FEEDBACK" VALUES (2, 10, 'KH004', N'Mạch Đào Tuấn Hùng', N'hài lòng', 1, '2022-10-23 05:26:08.220')
INSERT INTO "FEEDBACK" VALUES (3, 1, 'KH002', N'Trần Thanh Mai', N'sản phẩm như hình', 3, '2022-09-18 16:23:40.710')
INSERT INTO "FEEDBACK" VALUES (4, 2, 'KH001', N'Trần Mai Loan', N'hài lòng', 3, '2022-09-19 23:52:31.990')
INSERT INTO "FEEDBACK" VALUES (5, 15, 'KH005', N'Trần Thành Châu', N'hàng đúng mẫu', 5, '2022-10-09 18:54:38.090')
INSERT INTO "FEEDBACK" VALUES (6, 3, 'KH001', N'Trần Mai Loan', N'hàng đúng mẫu', 1, '2022-10-28 19:16:18.860')
INSERT INTO "FEEDBACK" VALUES (7, 3, 'KH002', N'Trần Thanh Mai', N'trên cả tuyệt vời', 1, '2022-11-16 13:21:47.120')
INSERT INTO "FEEDBACK" VALUES (9, 4, 'KH001', N'Trần Mai Loan', N'like', 3, '2022-10-17 23:26:14.600')
INSERT INTO "FEEDBACK" VALUES (10, 5, 'KH002', N'Trần Thanh Mai', N'trên cả tuyệt vời', 1, '2022-10-26 18:00:37.420')
INSERT INTO "FEEDBACK" VALUES (14, 9, 'KH003', N'Huỳnh Thành Ân', N'duyệt', NULL, '2022-09-04 11:05:35.050')
INSERT INTO "FEEDBACK" VALUES (16, 9, 'KH006', N'Huỳnh Tuyết Oanh', NULL, 5, '2022-11-14 12:25:43.240')
INSERT INTO "FEEDBACK" VALUES (18, 11, 'KH006', N'Huỳnh Tuyết Oanh', N'tuyệt vời', 1, '2022-11-24 02:40:54.530')
INSERT INTO "FEEDBACK" VALUES (23, 28, 'KH009', N'Trần Thái Bình', N'sản phẩm như hình', 4, '2022-11-16 07:25:10.480')
INSERT INTO "FEEDBACK" VALUES (25, 25, 'KH008', N'Đàm Văn Thái Hòa', N'không như tôi mong đợi', 3, '2022-12-09 15:19:42.570')
INSERT INTO "FEEDBACK" VALUES (26, 26, 'KH008', N'Đàm Văn Thái Hòa', N'trên cả tuyệt vời', 3, '2022-10-16 01:32:44.550')
INSERT INTO "FEEDBACK" VALUES (28, 16, 'KH005', N'Trần Thành Châu', N'hài lòng', 1, '2022-12-06 14:26:38.130')
INSERT INTO "FEEDBACK" VALUES (29, 18, 'KH007', N'Đường Huỳnh Thái Duy', N'tuyệt vời', 1, '2022-12-16 18:08:38.000')
INSERT INTO "FEEDBACK" VALUES (30, 10, 'KH006', N'Huỳnh Tuyết Oanh', N'chất lượng', 1, '2022-12-16 16:45:10.490')

--chatbox 
INSERT INTO "CHATBOX" VALUES ('001', 'KH003', '2022-10-10', N'Ðã xử lý')
INSERT INTO "CHATBOX" VALUES ('002', 'KH000', '2022-09-18', N'Ðã xử lý')
INSERT INTO "CHATBOX" VALUES ('003', 'KH001', '2022-09-27', N'Chưa xử lý')
INSERT INTO "CHATBOX" VALUES ('004', 'KH004', '2022-10-22', N'Ðã xử lý')
INSERT INTO "CHATBOX" VALUES ('005', 'KH006', '2023-01-08', N'Ðã xử lý')
INSERT INTO "CHATBOX" VALUES ('006', 'KH008', '2023-04-12', N'Ðã xử lý')
INSERT INTO "CHATBOX" VALUES ('007', 'KH010', '2023-03-25', N'Ðã xử lý')
INSERT INTO "CHATBOX" VALUES ('008', 'KH011', '2023-01-28', N'Chưa xử lý')
INSERT INTO "CHATBOX" VALUES ('009', 'KH012', '2022-10-04', N'Ðã xử lý')
INSERT INTO "CHATBOX" VALUES ('010', 'KH013', '2022-10-05', N'Chưa xử lý')
INSERT INTO "CHATBOX" VALUES ('011', 'KH014', '2022-09-12', N'Ðã xử lý')
INSERT INTO "CHATBOX" VALUES ('012', 'KH015', '2023-01-08', N'Ðã xử lý')
INSERT INTO "CHATBOX" VALUES ('013', 'KH016', '2022-12-05', N'Ðã xử lý')
INSERT INTO "CHATBOX" VALUES ('014', 'KH017', '2023-02-06', N'Ðã xử lý')
INSERT INTO "CHATBOX" VALUES ('015', 'KH018', '2023-03-27', N'Ðã xử lý')
INSERT INTO "CHATBOX" VALUES ('016', 'KH002', '2022-12-07', N'Chưa xử lý')
INSERT INTO "CHATBOX" VALUES ('017', 'KH020', '2023-02-14', N'Chưa xử lý')
--content_chatbox
INSERT INTO "CONTENT_CHATBOX" VALUES (1, '001', '2022-12-24 09:19:53.590', N'OMRP xin chào', N'TỐT')
INSERT INTO "CONTENT_CHATBOX" VALUES (1, '002', '2022-11-11 22:23:08.330', N'Giá của sản phẩm này là bao nhiêu tiền ạ', N'TỐT')
INSERT INTO "CONTENT_CHATBOX" VALUES (1, '003', '2022-11-11 23:08:20.280', N'Chúc quý khách một ngày tốt lành', N'TỐT')
INSERT INTO "CONTENT_CHATBOX" VALUES (1, '004', '2022-12-15 09:57:43.540', N'Chúc quý khách một ngày tốt lành', N'TỐT')
INSERT INTO "CONTENT_CHATBOX" VALUES (1, '005', '2023-03-05 14:54:18.200', N'Bạn cần chúng tôi giúp gì ạ', N'TỆ')
INSERT INTO "CONTENT_CHATBOX" VALUES (1, '006', '2023-01-03 12:14:11.360', N'Giá của sản phẩm này là bao nhiêu tiền ạ', N'TỐT')
INSERT INTO "CONTENT_CHATBOX" VALUES (1, '007', '2023-04-13 00:04:32.140', N'Bạn cần chúng tôi giúp gì ạ', N'TỆ')
INSERT INTO "CONTENT_CHATBOX" VALUES (1, '008', '2022-12-27 06:32:40.050', N'chào shop', N'TỐT')
INSERT INTO "CONTENT_CHATBOX" VALUES (1, '009', '2022-09-19 18:10:36.880', N'Bạn cần chúng tôi giúp gì ạ', N'TỐT')
INSERT INTO "CONTENT_CHATBOX" VALUES (1, '010', '2023-02-02 19:41:18.380', N'Giá của sản phẩm này là bao nhiêu tiền ạ', N'TỐT')
INSERT INTO "CONTENT_CHATBOX" VALUES (1, '011', '2022-12-02 21:27:27.660', N'Bạn cần chúng tôi giúp gì ạ', N'TỐT')
INSERT INTO "CONTENT_CHATBOX" VALUES (1, '012', '2023-02-22 14:08:29.180', N'Bạn cần chúng tôi giúp gì ạ', N'TỆ')
INSERT INTO "CONTENT_CHATBOX" VALUES (1, '013', '2022-12-10 02:14:44.350', N'chào shop', N'TỐT')
INSERT INTO "CONTENT_CHATBOX" VALUES (1, '014', '2022-09-27 07:56:21.160', N'OMRP xin chào', N'TỐT')
INSERT INTO "CONTENT_CHATBOX" VALUES (1, '015', '2023-02-12 19:17:22.690', N'Chúc quý khách một ngày tốt lành', N'TỐT')
INSERT INTO "CONTENT_CHATBOX" VALUES (1, '016', '2023-02-05 17:15:15.460', N'chào shop', N'TỐT')
INSERT INTO "CONTENT_CHATBOX" VALUES (1, '017', '2022-10-10 20:02:50.100', N'OMRP xin chào', N'TỆ')

--contract 
INSERT INTO "CONTRACT" VALUES ('000', '1656675709', N'Nguyễn Bảo Quyên', '2022-09-02 20:50:16.060', '2023-08-04 19:06:01.560', 695.38507000328275, 30, 'NV002', 'DT001', N'Đã duyệt')
INSERT INTO "CONTRACT" VALUES ('001', '3457720960', N'Hạ Văn Bảo Huỳnh', '2022-10-24 12:55:46.760', '2023-09-04 06:11:20.480', 691.38619028562039, 30, 'NV002', 'DT002', N'Đã duyệt')
INSERT INTO "CONTRACT" VALUES ('002', '9946913160', N'Cao Nguyễn Ngọc Mai', '2023-01-29 11:58:02.160', '2023-10-22 09:30:13.490', 524.38825002144472, 30, 'NV002', 'DT003', N'Đã duyệt')
INSERT INTO "CONTRACT" VALUES ('003', '2040529572', N'Lê Thúy Loan', '2022-09-02 19:14:49.410', '2023-10-18 01:14:57.070', 108.5159595164079, 30, 'NV002', 'DT004', N'Đã duyệt')
INSERT INTO "CONTRACT" VALUES ('004', '1949750711', N'Ngô Thị Tường Vân', '2023-01-06 13:41:49.250', '2024-01-05 03:46:58.250', 186.4364765521309, 30, 'NV002', 'DT005', N'Đã duyệt')
INSERT INTO "CONTRACT" VALUES ('005', '8011374575', N'Lê Ngọc Danh', '2022-12-12 01:01:10.820', '2023-12-14 15:54:14.350', 1974.5015041318263, 30, 'NV002', 'DT006', N'Đã duyệt')
INSERT INTO "CONTRACT" VALUES ('006', '7347889747', N'Lê Thanh Uyên', '2023-01-08 10:50:25.190', '2023-11-06 05:56:24.320', 1007.8150218854728, 30, 'NV002', 'DT007', N'Đã duyệt')
INSERT INTO "CONTRACT" VALUES ('007', '4613200661', N'Lê Nghĩa Dũng', '2023-02-20 04:56:33.580', '2024-01-03 03:25:07.430', 1582.2728237985971, 30, 'NV003', 'DT008', N'Đã duyệt')
INSERT INTO "CONTRACT" VALUES ('008', '2162192629', N'Huỳnh Phương Quân', '2022-10-01 19:01:06.970', '2024-01-11 22:44:17.750', 1322.3468648839494, 30, 'NV003', 'DT009', N'Đã duyệt')
INSERT INTO "CONTRACT" VALUES ('009', '1475630037', N'Huỳnh Ngọc Bích', '2023-01-02 13:35:19.880', '2023-08-21 07:30:17.520', 1609.8184089687738, 30, 'NV003', 'DT010', N'Đã duyệt')
INSERT INTO "CONTRACT" VALUES ('010', '3237269327', N'Lê Quế Phương', '2022-11-12 04:41:30.550', '2023-12-21 14:45:44.020', 510.69259094572277, 30, 'NV003', 'DT011', N'Đã duyệt')
INSERT INTO "CONTRACT" VALUES ('011', '1103322162', N'Quách Phan Chí Khang', '2022-11-03 19:36:04.250', '2023-12-26 12:43:38.390', 685.52012410271925, 30, 'NV003', 'DT012', N'Đã duyệt')
INSERT INTO "CONTRACT" VALUES ('012', '4709959798', N'Lưu Phan Minh Tú', '2023-02-12 06:37:44.470', '2024-01-28 05:29:30.840', 208.90035336320307, 30, 'NV003', 'DT013', N'Đã duyệt')
INSERT INTO "CONTRACT" VALUES ('013', '3390915947', N'Lê Xuân Phượng', '2022-12-08 08:54:09.080', '2023-07-19 07:59:04.760', 1291.396598001661, 30, 'NV003', 'DT014', N'Đã duyệt')
INSERT INTO "CONTRACT" VALUES ('014', '7176203988', N'Vũ Kim Khúc Lan', '2022-10-06 17:07:49.860', '2023-09-24 01:52:02.130', 1228.8047509402061, 30, 'NV003', 'DT015', N'Đã duyệt')
INSERT INTO "CONTRACT" VALUES ('015', '4214965526', N'Lê Minh Phượng', '2023-02-17 23:52:31.030', '2023-10-29 03:26:15.970', 438.98608472151034, 30, 'NV004', 'DT016', N'Đã duyệt')
INSERT INTO "CONTRACT" VALUES ('016', '3937351866', N'Nguyễn Ngọc Lam', '2022-11-20 07:05:27.740', '2024-01-23 08:55:25.210', 1004.6214067864331, 30, 'NV004', 'DT017', N'Đã duyệt')
INSERT INTO "CONTRACT" VALUES ('017', '8073167110', N'Huỳnh Nhật Khương', '2022-10-25 12:46:53.500', '2023-11-15 11:17:28.250', 1957.2692842023771, 30, 'NV004', 'DT018', N'Đã duyệt')
INSERT INTO "CONTRACT" VALUES ('020', '1180076352', N'Huỳnh Vân Khanh', '2023-01-28 03:22:33.660', '2024-01-04 00:14:35.760', 1839.7304122055557, 30, 'NV002', 'DT000', N'Đã duyệt')

--accumulation_points 
INSERT INTO "ACCUMULATION_POINTS" VALUES ('KH001', 'DT001', 60)
INSERT INTO "ACCUMULATION_POINTS" VALUES ('KH002', 'DT002', 706)
INSERT INTO "ACCUMULATION_POINTS" VALUES ('KH003', 'DT002', 438)
INSERT INTO "ACCUMULATION_POINTS" VALUES ('KH000', 'DT002', 532)
INSERT INTO "ACCUMULATION_POINTS" VALUES ('KH004', 'DT001', 317)
INSERT INTO "ACCUMULATION_POINTS" VALUES ('KH005', 'DT003', 510)
INSERT INTO "ACCUMULATION_POINTS" VALUES ('KH006', 'DT004', 640)
INSERT INTO "ACCUMULATION_POINTS" VALUES ('KH007', 'DT004', 901)
INSERT INTO "ACCUMULATION_POINTS" VALUES ('KH008', 'DT005', 710)
INSERT INTO "ACCUMULATION_POINTS" VALUES ('KH009', 'DT005', 819)
INSERT INTO "ACCUMULATION_POINTS" VALUES ('KH010', 'DT006', 303)
INSERT INTO "ACCUMULATION_POINTS" VALUES ('KH011', 'DT006', 95)
INSERT INTO "ACCUMULATION_POINTS" VALUES ('KH012', 'DT006', 90)
INSERT INTO "ACCUMULATION_POINTS" VALUES ('KH013', 'DT007', 475)
INSERT INTO "ACCUMULATION_POINTS" VALUES ('KH014', 'DT008', 488)
INSERT INTO "ACCUMULATION_POINTS" VALUES ('KH015', 'DT009', 832)
INSERT INTO "ACCUMULATION_POINTS" VALUES ('KH016', 'DT009', 310)
INSERT INTO "ACCUMULATION_POINTS" VALUES ('KH017', 'DT009', 732)
INSERT INTO "ACCUMULATION_POINTS" VALUES ('KH018', 'DT010', 212)
INSERT INTO "ACCUMULATION_POINTS" VALUES ('KH019', 'DT010', 471)
INSERT INTO "ACCUMULATION_POINTS" VALUES ('KH020', 'DT010', 120)
--pay
INSERT INTO "PAY" VALUES (1, 'DT000', 4, 2023, 3747238)
INSERT INTO "PAY" VALUES (2, 'DT001', 11, 2022, 4962714)
INSERT INTO "PAY" VALUES (3, 'DT002', 11, 2023, 3302255)
INSERT INTO "PAY" VALUES (4, 'DT003', 11, 2022, 3968072)
INSERT INTO "PAY" VALUES (5, 'DT004', 8, 2022, 5603873)
INSERT INTO "PAY" VALUES (6, 'DT005', 7, 2022, 3280893)
INSERT INTO "PAY" VALUES (7, 'DT006', 2, 2023, 1351634)
INSERT INTO "PAY" VALUES (8, 'DT007', 8, 2022, 6368628)
INSERT INTO "PAY" VALUES (9, 'DT008', 10, 2023, 1675303)
INSERT INTO "PAY" VALUES (10, 'DT009', 6, 2023, 2480001)
INSERT INTO "PAY" VALUES (11, 'DT010', 7, 2022, 1069092)
INSERT INTO "PAY" VALUES (12, 'DT011', 5, 2022, 9212128)
INSERT INTO "PAY" VALUES (13, 'DT012', 4, 2023, 7127587)
INSERT INTO "PAY" VALUES (14, 'DT013', 11, 2022, 9370658)
INSERT INTO "PAY" VALUES (15, 'DT014', 3, 2023, 6208352)
INSERT INTO "PAY" VALUES (16, 'DT015', 5, 2022, 6940179)
INSERT INTO "PAY" VALUES (17, 'DT016', 12, 2022, 8302924)
INSERT INTO "PAY" VALUES (18, 'DT017', 7, 2022, 8071274)
INSERT INTO "PAY" VALUES (19, 'DT018', 10, 2023, 8798693)

--detail_pay 
INSERT INTO "DETAIL_PAY" VALUES (1, 1, 12, 30, 1813, 18, 4154)
INSERT INTO "DETAIL_PAY" VALUES (2, 1, 3, 9, 727, 9, 2653)
INSERT INTO "DETAIL_PAY" VALUES (3, 2, 1, 3, 241, 3, 831)
INSERT INTO "DETAIL_PAY" VALUES (4, 2, 9, 15, 506, 1, 4154)
INSERT INTO "DETAIL_PAY" VALUES (5, 2, 6, 15, 948, 10, 2384)
INSERT INTO "DETAIL_PAY" VALUES (6, 3, 2, 12, 1232, 18, 643)
INSERT INTO "DETAIL_PAY" VALUES (7, 3, 11, 29, 1873, 20, 5033)
INSERT INTO "DETAIL_PAY" VALUES (8, 3, 6, 10, 353, 1, 4540)
INSERT INTO "DETAIL_PAY" VALUES (9, 4, 7, 10, 166, 17, 3108)
INSERT INTO "DETAIL_PAY" VALUES (10, 4, 4, 21, 150, 10, 4490)
INSERT INTO "DETAIL_PAY" VALUES (11, 5, 10, 2, 680, 13, 4506)
INSERT INTO "DETAIL_PAY" VALUES (12, 5, 8, 18, 980, 8, 1668)
INSERT INTO "DETAIL_PAY" VALUES (13, 5, 7, 19, 1303, 14, 3768)
INSERT INTO "DETAIL_PAY" VALUES (14, 5, 3, 18, 1890, 7, 3509)
INSERT INTO "DETAIL_PAY" VALUES (15,6, 10, 19, 830, 5, 225)
INSERT INTO "DETAIL_PAY" VALUES (16,6, 10, 9, 1486, 5, 3460)
INSERT INTO "DETAIL_PAY" VALUES (17, 6, 12, 27, 1580, 15, 3222)
INSERT INTO "DETAIL_PAY" VALUES (18,7, 7, 7, 1833, 13, 1675)
INSERT INTO "DETAIL_PAY" VALUES (19, 7, 1, 25, 1149, 7, 634)
INSERT INTO "DETAIL_PAY" VALUES (20, 8, 4, 31, 1423, 9, 823)
INSERT INTO "DETAIL_PAY" VALUES (21, 8, 2, 16, 1731, 5, 2943)
INSERT INTO "DETAIL_PAY" VALUES (22,9, 3, 19, 56, 9, 4259)
INSERT INTO "DETAIL_PAY" VALUES (23,9, 12, 4, 488, 8, 2536)
--cart 
INSERT INTO "CART" VALUES ('KH000', 1, N'Nước hoa hồng cocoon (rose water toner)', 739548, 840, N'Metro')
INSERT INTO "CART" VALUES ('KH001', 2, N'Gấu bông', 523568, 1185, N'Emart')
INSERT INTO "CART" VALUES ('KH002', 3, N'Albert Camus - Người dưng (1942)', 204114, 1082, N'RiO Mart')
INSERT INTO "CART" VALUES ('KH003', 4, N'Gương soi để bàn gấp gọn mini', 654420, 1050, N'60S')
INSERT INTO "CART" VALUES ('KH004', 1, N'Nước hoa hồng cocoon (rose water toner) Baby Skin Powder', 430144, 860, N'Big C')
INSERT INTO "CART" VALUES ('KH006', 3, N'Albert Camus - Người dưng (1942)', 300784, 283, N'Lotte')
INSERT INTO "CART" VALUES ('KH007', 7, N'Sổ danh thiếp loại 2', 578245, 1320, N'Lotte')
INSERT INTO "CART" VALUES ('KH008', 7, N'Sổ danh thiếp loại 2', 830293, 1189, N'Vinmart')
INSERT INTO "CART" VALUES ('KH009', 8, N'Mascara Missha The Style 4D', 646564, 253, N'Mobifone')
INSERT INTO "CART" VALUES ('KH010', 9, N'Gel rửa mặt giảm nhờn Decumar Advanced', 930476, 1646, N'MiniStop')
INSERT INTO "CART" VALUES ('KH011', 10, N'Voucher giảm 30% Heniken', 372820, 972, N'Emart')
INSERT INTO "CART" VALUES ('KH012', 11, N'Dây nhảy không dây đếm số FITEZY', 790494, 1672, N'Bách hóa xanh')
INSERT INTO "CART" VALUES ('KH013', 12, N'Gấu bông mini', 684929, 1997, N'MiniStop')
INSERT INTO "CART" VALUES ('KH014', 13, N'1 lon Mountain Dew', 744966, 1998, N'ToCoToCo')
INSERT INTO "CART" VALUES ('KH015', 5, N'Đồ bấm lỗ, dây cột', 559185, 134, N'Mobifone')
INSERT INTO "CART" VALUES ('KH016', 5, N'Đồ bấm lỗ, dây cột', 816079, 1620, N'Metro')
INSERT INTO "CART" VALUES ('KH017', 5, N'Đồ bấm lỗ, dây cột', 368617, 1083, N'AEON')
INSERT INTO "CART" VALUES ('KH018', 6, N'Sổ danh thiếp loại 1', 459641, 155, N'ECo -Mart')
INSERT INTO "CART" VALUES ('KH019', 6, N'Sổ danh thiếp loại 1', 59674, 672, N'AEON')
INSERT INTO "CART" VALUES ('KH020', 6, N'Sổ danh thiếp loại 1', 196973, 125, N'Metro')

INSERT INTO "IMAGE_PRODUCT" VALUES (1,1,'https://drive.google.com/file/d/13tcMATKhfSCukHclCWo4Hu_I-dHMTCq1/view?usp=sharing'),
(2,1,'https://drive.google.com/file/d/1G1AeA3GvCVEbuJ5IoXWlk2uVfMuE5G5Z/view?usp=sharing'),
(3,1,'https://drive.google.com/file/d/1udOMma5TuYlqpyrJm1q_WMrMSiWMnie-/view?usp=sharing'),
(4,1,'https://drive.google.com/file/d/1B0gvmbpcWOmBrBpoCL_Z3QouNZQaT5FD/view?usp=sharing'),
(5,1,'https://drive.google.com/file/d/1xNv9DbiK0irLBoI7MyCK9qPlALL03WrY/view?usp=sharing'),
(6,1,'https://drive.google.com/file/d/1vpzZFki2NITzQ74piHCxs_9DYj1bIkl1/view?usp=sharing'),
(7,1,'https://drive.google.com/file/d/1jeAwRkxVxEI3kK1qxwYJ1sS0bIJR861U/view?usp=sharing'),
(8,1,'https://drive.google.com/file/d/1uemyGXGPxfMNMtgASBxdYj0Gg_lCypa7/view?usp=sharing'),
(9,1,'https://drive.google.com/file/d/1tskpBzek8q54eGnUkqBpPeltjtkgmvmH/view?usp=sharing'),
(10,1,'https://drive.google.com/file/d/1Yl5Cx79Z3K_bhh1G7NqorffcFgjhcQ1B/view?usp=sharing'),
(11,1,'https://drive.google.com/file/d/19SsGr2tgMbX6XKUhMacHhOwEBSnRvh0W/view?usp=sharing'),
(12,1,'https://drive.google.com/file/d/1-RmMtJGcfiisYe3rk-VNpX9uqvrzctv7/view?usp=sharing'),
(13,1,'https://drive.google.com/file/d/1kl2hS9kv0kLN25Cu4c0YkHzPGYZZueeJ/view?usp=sharing'),
(14,1,'https://drive.google.com/file/d/11_Kp8k-AykIb4UlgN-pbwycrbABWwa5F/view?usp=sharing'),
(15,1,'https://drive.google.com/file/d/1W3ifCPvPsiwvkcxgUwBVNeqYsYInhd_V/view?usp=sharing'),
(16,1,'https://drive.google.com/file/d/1qg5ZEW3i80KfkApO3GwV8Tz-fdVFK1Yr/view?usp=sharing'),
(17,1,'https://drive.google.com/file/d/1MqjmHXinpnGcEJaEoSfquQNxbNP6Z6S2/view?usp=sharing'),
(18,1,'https://drive.google.com/file/d/1vWMCYrsPmlFiSwFlxk69i7taOuvKl3wC/view?usp=sharing'),
(19,1,'https://drive.google.com/file/d/1HjcDyklMNMFz7zrfTU9APJ1gJNS0lUzq/view?usp=sharing'),
(20,1,'https://drive.google.com/file/d/1BHfo0NY-f7DIuRqyz7zvrMpRiDUo5-t2/view?usp=sharing'),
(21,1,'https://drive.google.com/file/d/11OItrsWLfV3TmhCb45W083pkmqeU3PKw/view?usp=sharing'),
(22,1,'https://drive.google.com/file/d/1wu2TFE31eB9JRF7bY8UcGoR41b63f2w8/view?usp=sharing'),
(23,1,'https://drive.google.com/file/d/1cDYpBX7zyprFUJOqQhpF-5lWbEucOGQ3/view?usp=sharing'),
(24,1,'https://drive.google.com/file/d/1hzKHhrXAERgIvdQqscv5WnCIWQu0O_hY/view?usp=sharing'),
(25,1,'https://drive.google.com/file/d/1cgH-K1KMZQmf5Z4YVcY5gJT0lF3WzWDb/view?usp=sharing'),
(26,1,'https://drive.google.com/file/d/1xcqdLptWBwpW1lwzVAV-DcrLqWvSuYWJ/view?usp=sharing'),
(27,1,'https://drive.google.com/file/d/1D6hR0waPZAk-Wun-CQrVGQYwaIcw6yzo/view?usp=sharing'),
(28,1,'https://drive.google.com/file/d/1jt44zkqtCfuQHylFmzpqQtEthi51xfLm/view?usp=sharing'),
(29,1,'https://drive.google.com/file/d/1dTRTFNpUiyhuBUw8ygZtypqchx_Z496k/view?usp=sharing'),
(30,1,'https://drive.google.com/file/d/1tT73uWbxdJsXZJma3p1PVyVrBv-RXPeG/view?usp=sharing')